{
  "world": "tstp_ad_astra:twilight_forest_orbit",	
  "stars": {
    "fancy_count": 13000,
    "fast_count": 6000,
    "colored_stars": true,
    "daylight_visible": true
  },
  "sunset_color": "vanilla",
  "dimension_effects": {
    "type": "none"
  },
  "cloud_effects": "none",
  "weather_effects": "none",
  "horizon_angle": 0,
  "sky_objects": [
    {
      "texture": "ad_astra:textures/sky/sun.png",
      "blending": true,
      "render_type": "dynamic",
      "scale": 20.0,
      "color": {
        "r": 179,
        "g": 215,
        "b": 255
      },
      "rotation": [
        0.0,
        -90.0,
        0.0
      ]
    },
    {
      "texture": "tstp_ad_astra:textures/sky/twf_planet.png",
      "blending": false,
      "render_type": "scaling",
      "scale": 1.0,
      "rotation": [
        180.0,
        180.0,
        0.0
      ]
    },
    {
      "texture": "ad_astra:textures/sky/light.png",
      "blending": true,
      "render_type": "scaling",
      "scale": 3.0,
      "color": {
        "r": 102,
        "g": 204,
        "b": 255
      },
      "rotation": [
        180.0,
        180.0,
        0.0
      ]
    },
    {
      "texture": "ad_astra:textures/sky/vicinus.png",
      "blending": false,
      "render_type": "static",
      "scale": 40.0,
      "rotation": [
        60.0,
        0.0,
        0.0
      ]
    },
    {
      "texture": "ad_astra:textures/sky/light.png",
      "blending": true,
      "render_type": "static",
      "scale": 120.0,
      "color": {
        "r": 204,
        "g": 153,
        "b": 255
      },
      "rotation": [
        60.0,
        0.0,
        0.0
      ]
    }
  ]
}